Pipeline_Acc,topic0,topic1
0.71875,0.8797286599260153,0.0
0.84375,0.01815465784674184,0.3989522758486021
0.53125,0.7500936011687503,0.553939508183201
0.90625,0.0,0.33082660963817506
0.84375,0.4657121880847716,0.0
0.3125,0.7852663920129862,0.32158179475980725
0.5,0.8786105107987716,0.41226221875370617
0.8125,0.3176764340587648,0.12008233366423454
0.96875,0.0,0.12476720413769637
0.75,0.2566145760124419,0.3780738890588348
0.875,0.10477219198471305,0.2304105992792687
0.78125,0.0,0.7913542419837257
0.59375,0.9903244960402361,0.0653166469313177
0.59375,0.9124466035092962,0.24574839961372605
0.75,0.0,0.8442224713642567
0.96875,0.0,0.12476720413769637
0.875,0.35917585279596725,0.0
0.5625,0.8707175467033361,0.3252169580605091
0.03125,1.074034536359695,0.8961876199661674
0.96875,0.0,0.12476720413769637
0.96875,0.0,0.12476720413769637
0.59375,0.9124466035092962,0.24574839961372608
0.5,0.8480464029913413,0.5319415154906487
0.78125,0.024736278681580508,0.55331371599017
0.09375,1.0102677469548138,0.9835594075657889
0.5,0.006244661379339992,0.861875709726593
0.6875,0.25373957605785913,0.7094667716189733
0.84375,0.4657121880847716,0.0
0.9375,0.01610747818796924,0.03731273860305386
0.5625,0.414923232454649,0.7150846076682871
0.25,0.9148946973363128,0.878826050623533
0.375,1.0210125765124416,0.5744805028104037
0.25,0.9490364981759076,0.8790605388179835
0.8125,0.5469862929436866,0.0
0.96875,0.0,0.12476720413769637
0.03125,1.074034536359695,0.8961876199661674
0.71875,0.1470804765972707,0.648390747803574
0.8125,0.3176764340587648,0.12008233366423454
0.90625,0.25108484735719044,0.006337924120620148
0.9375,0.0,0.20345709301637874
0.53125,0.9572428942239274,0.2244314613880139
0.8125,0.3176764340587648,0.12008233366423454
0.46875,0.5218181813789499,0.8480453472765082
0.96875,0.0,0.12476720413769637
0.75,0.0,0.8442224713642567
0.65625,0.5686341793199775,0.05326250040154331
0.84375,0.4657121880847716,0.0
0.59375,0.44841924992090704,0.7319787538333136
0.96875,0.0,0.12476720413769637
0.84375,0.4657121880847716,0.0
0.78125,0.3592866231824532,0.13958282739318967
0.75,0.0,0.8429682888736657
0.9375,0.0,0.20345709301637874
0.625,0.8969324769858199,0.17152902158941574
0.375,1.0210125765124416,0.5744805028104037
0.03125,1.0301923300644793,1.0122215763202997
0.6875,0.9145199410742237,0.0
0.78125,0.3592866231824532,0.13958282739318967
0.71875,0.13863061915041447,0.7424719315607112
0.71875,0.7204159616426274,0.057821085353767024
0.875,0.35917585279596725,0.0
0.46875,0.0,1.0597408961634982
0.5625,0.414923232454649,0.7150846076682871
0.71875,0.0,0.8958365182541967
0.96875,0.0,0.12476720413769637
0.625,0.9406770456951304,0.0
0.375,0.1420734910850252,0.8595195447893649
0.46875,0.0,1.0597408961634982
0.875,0.10477219198471305,0.2304105992792687
0.96875,0.0,0.12476720413769637
0.84375,0.4657121880847716,0.0
0.15625,1.1395419274747316,0.4062190760917584
0.375,1.0210125765124416,0.5744805028104037
0.78125,0.3592866231824532,0.13958282739318967
0.375,0.9697395019777189,0.6379348480277917
0.78125,0.0,0.7655325824855744
0.4375,1.001269909973863,0.4711350579837548
0.96875,0.0,0.12476720413769637
0.9375,0.0,0.20345709301637874
0.96875,0.0,0.12476720413769637
0.75,0.0,0.8228450209439142
0.84375,0.28622781782685636,0.09170838529691647
0.9375,0.006581620834838625,0.15436144014156802
0.96875,0.0,0.12476720413769637
0.96875,0.04161018912368846,0.019500493728955105
0.5,0.10470354853371472,0.7185201198457553
0.03125,1.074034536359695,0.8961876199661674
0.625,0.19374979601377998,0.737846722625423
0.75,0.0,0.8442224713642567
0.78125,0.0,0.7655325824855744
0.84375,0.4657121880847716,0.0
0.53125,0.5715899113489086,0.6855364098194292
0.34375,0.9446765507279045,0.44223830275445647
0.6875,0.9145199410742237,0.0
0.6875,0.053292583226525116,0.6754861508752994
0.84375,0.4657121880847716,0.0
0.625,0.0,1.0030746114976266
0.78125,0.0,0.7655325824855744
0.75,0.0,0.8442224713642567
0.71875,0.349751370453875,0.3618947867108485
0.6875,0.19321968514100274,0.788709124585018
0.71875,0.1470804765972707,0.648390747803574
0.53125,0.918965863812758,0.3981109738350733
0.1875,1.0276877711458916,0.5705501091565441
0.5625,1.0159094669146445,0.07223237949479301
0.96875,0.0,0.12476720413769637
0.84375,0.28622781782685636,0.09170838529691647
0.625,0.8969324769858199,0.17152902158941574
0.4375,0.9289906356096469,0.5524662189219491
1.0,0.0,0.0
0.03125,1.074034536359695,0.8961876199661674
0.75,0.0,0.8429682888736657
0.875,0.03786340466481245,0.3305749453306357
0.84375,0.28622781782685636,0.09170838529691647
0.875,0.0,0.36231738859836354
0.8125,0.0,0.46122775590036774
0.90625,0.0,0.33082660963817506
0.71875,0.18180565471991006,0.42483562258865687
0.9375,0.0,0.20345709301637874
0.5,0.9508460828438084,0.43280757419631927
0.59375,0.0235441401227353,1.0277809715080102
0.625,0.01756867774364282,0.9918485871058876
0.6875,0.25373957605785913,0.7094667716189733
0.84375,0.4657121880847716,0.0
0.75,0.0,0.8442224713642567
0.6875,0.9145199410742237,0.0
0.75,0.0,0.8429682888736657
0.6875,0.19321968514100274,0.788709124585018
0.65625,0.9611938035080219,0.0
0.625,0.8969324769858199,0.17152902158941574
0.90625,0.02209574735831463,0.2285808181658784
0.21875,1.1489571568797023,0.20801107221341872
0.96875,0.0,0.12476720413769637
0.71875,0.07816410631731115,0.8218632446838222
0.84375,0.018217018378118625,0.4009511417688228
0.1875,0.6377225714202973,0.9724943011806679
0.375,1.0210125765124416,0.5744805028104037
0.5,0.5959049381190334,0.6963530857220332
0.5625,0.8875172475808495,0.3697370254677554
0.78125,0.0,0.7913542419837257
0.96875,0.0,0.12476720413769637
0.15625,1.08529517225639,0.7042845083307409
0.75,0.11563186036536219,0.620016799436256
0.96875,0.0,0.12476720413769637
0.90625,0.25108484735719044,0.006337924120620148
0.625,0.8969324769858199,0.17152902158941574
0.5625,1.0159094669146445,0.07223237949479301
0.46875,0.992456271967497,0.4523080679252744
0.4375,0.8119098302484257,0.5207086906240399
0.96875,0.0,0.12476720413769637
0.78125,0.5936601553774846,0.0
0.75,0.0,0.8442224713642567
0.75,0.0,0.8442224713642567
0.5625,0.9540567926329845,0.2652488933426812
0.6875,0.9145199410742237,0.0
0.96875,0.0,0.12476720413769637
0.90625,0.0,0.33082660963817506
0.90625,0.0,0.33082660963817506
0.96875,0.0,0.12476720413769637
0.21875,0.9932559316338665,0.7842035386094389
0.75,0.33760101716843016,0.14874450241874546
0.59375,0.44841924992090704,0.7319787538333136
0.5625,0.4900294390445955,0.7514792475622688
0.625,0.9879908281474276,0.0
0.71875,0.17770555861752674,0.7144897465607075
1.0,0.0,0.0
0.9375,0.0,0.20345709301637874
0.15625,1.1395419274747316,0.4062190760917584
0.96875,0.0,0.12476720413769637
0.59375,1.0346646905812256,0.0
0.71875,0.8797286599260153,0.0
0.96875,0.0,0.12476720413769637
0.8125,0.32783800695054477,0.11120887902587161
0.78125,0.0,0.7913542419837257
0.96875,0.0,0.12476720413769637
0.625,0.0,0.9860078760016844
1.0,0.0,0.0
0.96875,0.0,0.12476720413769637
0.59375,1.0346646905812256,0.0
0.96875,0.0,0.12476720413769637
0.84375,0.4657121880847716,0.0
0.5625,1.0159094669146445,0.07223237949479301
0.4375,0.9605012881600112,0.5513286028106187
0.75,0.0,0.8442224713642567
0.71875,0.40609398315277745,0.3203963002893412
0.09375,1.0161195787591648,0.9766579743439916
0.78125,0.0,0.7655325824855744
0.75,0.3081411813301866,0.34239429298189344
0.9375,0.0,0.20345709301637874
0.65625,0.36879515488155074,0.6763126515201692
0.21875,0.959923030373178,0.5770296071332672
0.875,0.0,0.37470973203805497
0.96875,0.0,0.12476720413769637
0.375,1.0210125765124416,0.5744805028104037
0.75,0.3081411813301866,0.34239429298189344
0.78125,0.5936601553774846,0.0
0.6875,0.25373957605785913,0.7094667716189733
0.625,0.8969324769858199,0.17152902158941574
0.84375,0.4657121880847716,0.0
0.875,0.35917585279596725,0.0
0.28125,0.9035511566899089,0.8571339947885395
0.625,0.06926646609312628,0.39311371835098874
0.75,0.2566145760124419,0.3780738890588348
0.90625,0.0,0.33082660963817506
0.75,0.0,0.8429682888736657
0.875,0.03786340466481245,0.3305749453306357
0.75,0.0,0.8442224713642567
0.75,0.0,0.8066654235632101
0.75,0.0,0.8442224713642567
0.75,0.0,0.8442224713642567
0.6875,0.893431168123881,0.0
0.125,1.0376361138701522,0.791195822324469
0.8125,0.4781667845078127,0.0
0.96875,0.0,0.12476720413769637
0.46875,0.992456271967497,0.4523080679252744
0.53125,0.9067768492592737,0.3765643225460343
0.65625,0.9611938035080219,0.0
0.0625,1.0667406961780916,0.877701871421594
0.75,0.13792395876181376,0.603951103497255
0.375,0.05349276878851944,1.1579043485470983
0.78125,0.05292838604864217,0.47999895095119144
0.625,0.8969324769858199,0.17152902158941574
0.75,0.0531750408182438,0.46858674714867327
0.71875,0.17770555861752674,0.7144897465607075
0.90625,0.0,0.16677280405790193
0.78125,0.0,0.7913542419837257
0.6875,0.9145199410742237,0.0
0.65625,0.0,0.924381713881622
0.96875,0.0,0.12476720413769637
0.96875,0.0,0.12476720413769637
0.75,0.0,0.8442224713642567
0.65625,0.9611938035080219,0.0
0.71875,0.8797286599260153,0.0
0.5625,0.8875172475808495,0.3697370254677554
0.8125,0.5469862929436866,0.0
0.65625,0.5952300779185823,0.0660635687760297
0.9375,0.0,0.20345709301637874
0.625,0.8969324769858199,0.17152902158941574
0.96875,0.0,0.12476720413769637
0.9375,0.006581620834838624,0.15436144014156802
0.78125,0.3592866231824532,0.13958282739318967
0.75,0.0,0.8442224713642567
0.59375,0.9903244960402361,0.0653166469313177
0.78125,0.0,0.7913542419837257
1.0,0.0,0.0
0.84375,0.03953633433193169,0.0912684379920051
0.75,0.11563186036536219,0.620016799436256
0.15625,0.5577565849825186,1.0908699222987022
0.53125,0.521478055276504,0.7798531959295867
0.5,0.6868791680866071,0.7111003670435464
0.6875,0.9145199410742237,0.0
0.75,0.0,0.8442224713642567
0.78125,0.0,0.7913542419837257
0.8125,0.5469862929436866,0.0
0.46875,0.992456271967497,0.4523080679252744
0.71875,0.8797286599260153,0.0
0.78125,0.0,0.7655325824855744
0.6875,0.9145199410742237,0.0
0.71875,0.13863061915041447,0.7424719315607112
0.5625,0.9540567926329845,0.2652488933426812
0.8125,0.5469862929436866,0.0
0.75,0.0,0.8442224713642567
0.65625,0.0,0.924381713881622
0.96875,0.0,0.12476720413769637
0.59375,0.8720031210573734,0.29551764744344494
0.84375,0.4657121880847716,0.0
0.71875,0.8797286599260153,0.0
0.96875,0.0,0.12476720413769637
0.78125,0.0,0.7913542419837257
0.84375,0.0794735937885009,0.3500754390595908
0.90625,0.0,0.33082660963817506
0.84375,0.1463823811084015,0.24991109300822376
0.6875,0.27565836044011766,0.6924917538681552
0.9375,0.0,0.20345709301637874
0.78125,0.0,0.7655325824855744
0.75,0.0,0.8442224713642567
0.84375,0.28622781782685636,0.09170838529691647
0.625,0.8969324769858199,0.17152902158941574
0.875,0.35917585279596725,0.0
0.78125,0.2150043868887535,0.35857339532987964
0.6875,0.18869066572095905,0.6678912415325291
0.9375,0.0,0.20345709301637874
0.96875,0.0,0.12476720413769637
0.78125,0.08115583188857156,0.13316103750231648
0.5625,0.8875172475808495,0.3697370254677554
0.5625,0.4900294390445955,0.7514792475622688
0.8125,0.32783800695054477,0.11120887902587161
0.53125,0.9291274367045377,0.3892375191967105
0.5625,1.0159094669146445,0.07223237949479301
0.96875,0.0,0.12476720413769637
0.59375,0.8720031210573734,0.29551764744344494
0.21875,1.091464945184455,0.2503995397775308
0.96875,0.0,0.12476720413769637
0.875,0.06420872460327083,0.07530310370676896
0.71875,0.8797286599260153,0.0
0.90625,0.025899711562075548,0.18992762980952413
0.8125,0.32783800695054477,0.11120887902587161
0.6875,0.07924893381645352,0.5080174159041141
0.6875,0.18024080827410283,0.7619724252896664
0.96875,0.0,0.12476720413769637
0.8125,0.008362138178690366,0.2219384211627824
0.875,0.0,0.36231738859836354
0.625,0.0,1.0030746114976266
0.25,0.9490364981759076,0.8790605388179835
0.75,0.0,0.8442224713642567
0.625,0.0,1.0030746114976266
0.8125,0.5469862929436866,0.0
0.96875,0.0,0.12476720413769637
0.75,0.2566145760124419,0.3780738890588348
0.78125,0.3592866231824532,0.13958282739318967
0.5625,0.48466681923475724,0.6962416573134349
0.4375,0.9605012881600112,0.5513286028106187
0.625,0.4505893050998708,0.6690878911002508
0.75,0.0,0.8442224713642567
0.53125,0.9291274367045377,0.3892375191967105
0.5625,1.0159094669146445,0.07223237949479301
0.0625,0.9885821409407909,0.9927210825913447
0.78125,0.3592866231824532,0.13958282739318967
0.25,0.9490364981759076,0.8790605388179835
0.03125,1.074034536359695,0.8961876199661674
0.6875,0.894640813362762,0.0
0.59375,0.9385426661095083,0.19102951531837098
0.90625,0.0,0.33082660963817506
0.625,0.0,0.9457514279694422
0.59375,0.6770347958131533,0.506065066086928
0.03125,0.997395778947157,1.011548072649825
0.75,0.0,0.8442224713642567
0.375,1.0210125765124416,0.5744805028104037
0.53125,0.27212594808200663,0.9472154089033596
0.71875,0.7204159616426274,0.057821085353767024
0.5625,1.0159094669146445,0.07223237949479301
0.5625,1.0159094669146445,0.07223237949479301
0.71875,0.1470804765972707,0.648390747803574
0.9375,0.0,0.20345709301637874
0.84375,0.4657121880847716,0.0
0.75,0.0,0.8442224713642567
0.6875,0.25373957605785913,0.7094667716189733
0.96875,0.008813638006365893,0.018826990058480448
0.625,0.9406770456951304,0.0
0.1875,0.9578594446152251,0.9202796346578203
0.6875,0.9264025223598134,0.0
0.84375,0.0,0.5096226308856093
0.75,0.0,0.8442224713642567
0.96875,0.0,0.12476720413769637
0.59375,0.8619039086969702,0.30638996800202867
0.75,0.5369346280067875,0.0
0.9375,0.0,0.20345709301637874
0.75,0.0,0.8429682888736657
0.46875,0.941183197432774,0.5157624131426626
0.90625,0.0,0.33082660963817506
0.75,0.0,0.8442224713642567
0.90625,0.25108484735719044,0.006337924120620148
0.21875,0.5399799680007938,1.0575946052607421
0.65625,0.920619397458315,0.0
0.75,0.0,0.8442224713642567
0.40625,0.10046330196133677,0.8400190510604097
0.5625,1.0159094669146445,0.07223237949479301
0.9375,0.0,0.20345709301637874
0.71875,0.349751370453875,0.3618947867108485
0.09375,1.05815769601294,0.8613390813441213
0.8125,0.3176764340587648,0.12008233366423454
0.84375,0.4657121880847716,0.0
0.8125,0.2950414558332222,0.11053537535539691
0.40625,1.0205880007010997,0.5067012476517109
0.84375,0.0,0.5958593064297698
0.625,0.8969324769858199,0.17152902158941574
0.71875,0.349751370453875,0.3618947867108485
0.1875,1.0434309549060696,0.5781877797540305
0.65625,0.9611938035080219,0.0
0.75,0.0,0.8442224713642567
0.71875,0.8797286599260153,0.0
0.625,0.8969324769858199,0.17152902158941574
0.9375,0.0,0.20345709301637874
0.5625,0.05768690368147169,1.00724643667933
0.53125,1.025467466509902,0.15068710810761402
0.78125,0.5936601553774846,0.0
0.8125,0.5123860505185697,0.0
0.875,0.03786340466481245,0.3305749453306357
0.5,0.7533563526073654,0.6046133689982516
0.96875,0.0,0.12476720413769637
0.40625,1.01546182794811,0.00326759487077035
0.5625,1.0159094669146445,0.07223237949479301
0.71875,0.0,0.8744590678338542
0.9375,0.04907857740778207,0.03876649926345956
0.34375,0.09673249885115841,1.1759095219318603
0.96875,0.0,0.12476720413769637
0.96875,0.01151613104700367,0.01307963566696933
0.9375,0.0,0.14277269517634883
0.375,0.1420734910850252,0.8595195447893649
0.84375,0.4657121880847716,0.0
0.59375,0.9385426661095083,0.19102951531837098
0.84375,0.28622781782685636,0.09170838529691647
0.625,0.954981187063719,0.017165696097881832
0.78125,0.0,0.7655325824855744
0.6875,0.04034952176836654,0.8704123103594069
0.9375,0.015702292244265025,0.03406828163211505
0.5,0.7533563526073654,0.6046133689982516
0.78125,0.0,0.7913542419837257
0.90625,0.25108484735719044,0.006337924120620148
0.59375,0.44841924992090704,0.7319787538333136
0.71875,0.2759326667396788,0.41364007872679087
0.875,0.2926950364808789,0.025838417849575242
0.625,0.8969324769858199,0.17152902158941574
0.71875,0.8797286599260153,0.0
0.5625,0.9540567926329845,0.2652488933426812
0.75,0.0,0.8442224713642567
0.84375,0.4657121880847716,0.0
0.625,0.42133798397179795,0.633171108584871
0.75,0.0,0.8442224713642567
0.9375,0.0,0.20345709301637874
0.84375,0.4657121880847716,0.0
0.4375,0.9605012881600112,0.5513286028106187
0.28125,0.9396683332568445,0.8613677548675648
0.03125,1.074034536359695,0.8961876199661674
0.90625,0.0,0.33082660963817506
0.78125,0.0,0.7655325824855744
0.53125,0.6452689789629187,0.6915998733145912
0.5625,1.0159094669146445,0.07223237949479301
0.90625,0.0,0.33082660963817506
0.21875,0.9524551859952007,0.895120237062068
0.59375,0.9124466035092962,0.24574839961372605
0.21875,1.014269689389265,0.4777348503886104
0.78125,0.0,0.7655325824855744
0.84375,0.4657121880847716,0.0
0.96875,0.0,0.12476720413769637
0.625,0.2992242419950634,0.47127512773251823
0.875,0.03786340466481245,0.3305749453306357
0.5625,1.0159094669146445,0.07223237949479301
0.9375,0.0,0.20345709301637874
0.6875,0.9145199410742237,0.0
0.5625,1.0159094669146445,0.07223237949479301
1.0,0.0,0.0
0.9375,0.0,0.20345709301637874
0.5625,0.07850467991083404,0.4797199635681619
0.9375,0.0,0.20345709301637874
0.9375,0.006581620834838626,0.15436144014156802
0.5,0.9769421454440209,0.37808868990096395
0.65625,0.36879515488155074,0.6763126515201692
0.96875,0.0,0.12476720413769637
0.03125,0.997395778947157,1.011548072649825
0.78125,0.0,0.7913542419837257
0.1875,0.9879535026919097,0.926700492719806
0.40625,0.0,1.0902388194765549
0.96875,0.0,0.12476720413769637
0.59375,0.5508294861810815,0.08654108397671925
0.71875,0.0,0.8643349942241635
0.5625,1.0159094669146445,0.07223237949479301
0.40625,0.1300197891307259,1.0991883783418095
0.8125,0.5469862929436866,0.0
0.78125,0.15139080837660895,0.48234307619455735
0.78125,0.15139080837660895,0.48234307619455735
0.5625,0.414923232454649,0.7150846076682871
0.59375,0.9903244960402361,0.0653166469313177
0.75,0.0,0.8429682888736657
0.375,0.10610523231997142,1.0245640346977982
0.71875,0.2759326667396788,0.41364007872679087
0.3125,0.7852663920129862,0.32158179475980725
0.96875,0.04161018912368846,0.019500493728955105
0.96875,0.0,0.12476720413769637
0.5,0.014919876884051586,1.083309179654129
0.6875,0.9145199410742237,0.0
0.78125,0.024736278681580508,0.55331371599017
0.78125,0.3592866231824532,0.13958282739318967
0.6875,0.08703557716133765,0.5703245150797507
0.75,0.0,0.8429682888736657
0.6875,0.8722597016065268,0.0
0.65625,0.9611938035080219,0.0
0.6875,0.9145199410742237,0.0
0.9375,0.0,0.20345709301637874
0.5625,1.0159094669146445,0.07223237949479301
0.8125,0.5469862929436866,0.0
0.03125,1.0301923300644793,1.0122215763202997
0.65625,0.36879515488155074,0.6763126515201692
1.0,0.0,0.0
0.625,0.4505893050998708,0.6690878911002508
0.875,0.02217416996491565,0.19026628363178327
0.96875,0.04161018912368846,0.019500493728955105
0.75,0.0,0.8442224713642567
0.625,0.9809957680899787,0.0
0.8125,0.0,0.5411134098457978
0.96875,0.0,0.12476720413769637
0.96875,0.008813638006365893,0.018826990058480448
0.71875,0.07822193915497178,0.5514975250212703
0.96875,0.0,0.12476720413769637
0.6875,0.9145199410742237,0.0
0.25,0.9388749252841276,0.8879339934563465
0.625,0.3442939861987919,0.7209200411004695
0.375,1.0210125765124416,0.5744805028104037
0.65625,0.2522333117862762,0.4713379603791489
0.46875,0.9701641735710453,0.4683737638642754
0.90625,0.0,0.33082660963817506
0.625,0.8969324769858199,0.17152902158941574
0.53125,0.14125191464732711,0.5840004149470491
0.78125,0.0,0.7913542419837257
0.3125,0.9960459812042785,0.7342426469819846
0.84375,0.0,0.41393143548830363
0.875,0.10477219198471305,0.2304105992792687
0.96875,0.0,0.12476720413769637
0.78125,0.0,0.7655325824855744
0.5625,1.0159094669146445,0.07223237949479301
0.8125,0.3176764340587648,0.12008233366423454
0.25,1.1456944054410871,0.15733721139836818
0.0625,1.0217838780018176,0.9966390432327583
0.84375,0.4657121880847716,0.0
0.90625,0.0,0.33082660963817506
0.78125,0.0,0.7655325824855744
0.4375,0.9605012881600112,0.5513286028106187
0.875,0.2926950364808789,0.025838417849575242
0.5,0.7533563526073654,0.6046133689982516
0.125,1.0903257828785544,0.7201830029337646
0.5,0.9605760529364463,0.4176114675640285
0.78125,0.02473627868158049,0.55331371599017
0.90625,0.0,0.33082660963817506
0.9375,0.01610747818796924,0.03731273860305386
0.65625,0.36879515488155074,0.6763126515201692
0.9375,0.0,0.20345709301637874
0.75,0.3081411813301866,0.34239429298189344
0.5625,1.0159094669146445,0.07223237949479301
0.96875,0.0,0.12476720413769637
0.90625,0.0,0.33082660963817506
0.9375,0.0,0.20345709301637874
0.6875,0.9004350728315975,0.0
0.0,1.0390059680708452,1.03104856637878
0.59375,0.8619039086969702,0.30638996800202867
0.96875,0.01151613104700367,0.01307963566696933
0.875,0.10477219198471305,0.2304105992792687
0.75,0.06264997979383521,0.7476438666595117
0.125,0.6728655418899632,1.0578647623569644
0.90625,0.0,0.22482379836687658
0.8125,0.3176764340587648,0.12008233366423454
0.65625,0.36879515488155074,0.6763126515201692
0.78125,0.0,0.7655325824855744
0.75,0.0,0.8442224713642567
0.96875,0.0,0.12476720413769637
0.9375,0.0,0.20345709301637874
0.625,0.8969324769858199,0.17152902158941574
0.75,0.0,0.8429682888736657
0.75,0.0,0.8442224713642567
0.75,0.0,0.8442224713642567
0.0,1.0390059680708452,1.03104856637878
0.5625,0.9021965805051497,0.0
0.9375,0.0,0.20345709301637874
0.78125,0.15139080837660895,0.48234307619455735
0.0,1.0390059680708452,1.03104856637878
0.6875,0.9145199410742237,0.0
0.71875,0.349751370453875,0.3618947867108485
0.6875,0.9145199410742237,0.0
0.40625,0.5948769867345468,0.8959197893727813
0.96875,0.0,0.12476720413769637
0.84375,0.0,0.4096137090104277
0.71875,0.13863061915041447,0.7424719315607112
0.96875,0.0,0.12476720413769637
0.8125,0.08114652345562018,0.11076893172096022
0.5625,1.0159094669146445,0.07223237949479301
0.875,0.03786340466481245,0.3305749453306357
0.71875,0.13157965901862592,0.17148852128975203
0.84375,0.4657121880847716,0.0
0.625,0.8969324769858199,0.17152902158941574
0.03125,1.074034536359695,0.8961876199661674
0.375,1.0210125765124416,0.5744805028104037
0.9375,0.0,0.20345709301637874
0.90625,0.07362235267605922,0.19290122208893712
0.6875,0.19321968514100274,0.788709124585018
0.90625,0.0,0.33082660963817506
0.9375,0.0,0.20345709301637874
0.71875,0.8255858391727287,0.0
0.96875,0.0,0.12476720413769637
0.625,0.5420158481747156,0.06771409391823885
0.53125,0.9198188662975003,0.2259196136242045
0.34375,0.8184350833188354,0.3284607244850055
0.53125,0.08635063235200183,0.7354762351535507
0.5,0.9508460828438084,0.43280757419631927
0.875,0.03786340466481245,0.3305749453306357
0.65625,0.36879515488155074,0.6763126515201692
0.6875,0.9145199410742237,0.0
0.5,0.7533563526073654,0.6046133689982516
0.71875,0.8797286599260153,0.0
0.78125,0.0,0.7913542419837257
0.6875,0.7620261507663159,0.07732157908272214
0.46875,0.9596597208501744,0.4516345642547997
0.9375,0.0,0.20345709301637874
0.40625,0.9706008247333354,0.5719667126509042
0.84375,0.0,0.4096137090104277
0.9375,0.0,0.20345709301637874
0.71875,0.0,0.8958365182541967
0.21875,1.0270298137436698,0.7856531764396579
0.75,0.11563186036536219,0.620016799436256
0.6875,0.25373957605785913,0.7094667716189733
0.78125,0.5936601553774846,0.0
0.8125,0.5123860505185697,0.0
0.96875,0.0,0.12476720413769637
0.625,0.7971691212359819,0.16269204025901837
0.75,0.06264997979383521,0.7476438666595117
0.6875,0.18869066572095905,0.6678912415325291
0.46875,0.992456271967497,0.4523080679252744
0.75,0.0,0.8442224713642567
0.53125,0.9291274367045377,0.3892375191967105
0.90625,0.25108484735719044,0.006337924120620148
0.75,0.11563186036536219,0.620016799436256
0.96875,0.0,0.12476720413769637
0.5,0.9605760529364463,0.4176114675640285
0.9375,0.006581620834838626,0.15436144014156802
0.5625,1.0159094669146445,0.07223237949479301
0.59375,0.9124466035092962,0.24574839961372608
0.875,0.0,0.36231738859836354
0.53125,0.9291274367045377,0.3892375191967105
0.9375,0.0,0.20345709301637874
0.5625,1.0159094669146445,0.07223237949479301
0.53125,0.8711421225146778,0.3929962132192018
0.75,0.0,0.8442224713642567
0.8125,0.1112914522881749,0.3827731735006159
0.71875,0.0,0.8958365182541967
0.90625,0.0,0.33082660963817506
0.1875,1.0558798785129535,0.49723534411756554
0.84375,0.0,0.5096226308856093
0.75,0.0,0.8442224713642567
0.84375,0.018217018378118625,0.4009511417688228
0.78125,0.0,0.7655325824855744
0.8125,0.1112914522881749,0.3827731735006159
0.75,0.2566145760124419,0.3780738890588348
0.71875,0.13863061915041447,0.7424719315607112
0.875,0.35917585279596725,0.0
0.96875,0.0,0.12476720413769637
0.96875,0.0,0.12476720413769637
0.8125,0.32783800695054477,0.11120887902587161
0.9375,0.0,0.20345709301637874
0.96875,0.0,0.12476720413769637
0.4375,0.9605012881600112,0.5513286028106187
0.84375,0.4657121880847716,0.0
0.8125,0.04966563461002711,0.4293250901361409
0.90625,0.0,0.33082660963817506
0.90625,0.0,0.33082660963817506
0.71875,0.8255858391727287,0.0
0.75,0.0,0.8442224713642567
0.6875,0.9264025223598134,0.0
0.84375,0.4657121880847716,0.0
0.71875,0.16060278161642605,0.7256458739669593
0.625,0.5105014121473914,0.18591970693992535
0.375,1.0210125765124416,0.5744805028104037
0.9375,0.0,0.20345709301637874
0.5625,1.0159094669146445,0.07223237949479301
0.75,0.0,0.8442224713642567
0.71875,0.13863061915041447,0.7424719315607112
0.75,0.0,0.8442224713642567
0.6875,0.9145199410742237,0.0
0.71875,0.17770555861752674,0.7144897465607075
0.84375,0.4657121880847716,0.0
0.75,0.0,0.8429682888736657
0.875,0.0,0.37470973203805497
0.78125,0.0,0.7655325824855744
0.90625,0.02873822111603124,0.0474891588129914
0.59375,1.0346646905812256,0.0
0.6875,0.8797286599260153,0.0
0.90625,0.0,0.28051935100646336
0.40625,0.9664767505391036,0.5872609872127414
0.65625,0.920619397458315,0.0
0.75,0.0,0.8442224713642567
0.75,0.11563186036536219,0.620016799436256
0.78125,0.0,0.7655325824855744
0.71875,0.8797286599260153,0.0
0.75,0.0,0.8429682888736657
0.8125,0.05976484697043032,0.4184527695775571
0.5625,0.6420062275243035,0.6409260124995408
0.6875,0.9145199410742237,0.0
0.71875,0.0,0.8958365182541967
0.5625,0.9838572773862134,0.13118661437865894
0.78125,0.0,0.7913542419837257
0.71875,0.7748330426874502,0.0
0.65625,0.0,0.924381713881622
0.78125,0.0,0.7913542419837257
0.5625,1.0159094669146445,0.07223237949479301
0.8125,0.05976484697043032,0.4184527695775571
0.8125,0.32783800695054477,0.11120887902587161
0.6875,0.9145199410742237,0.0
0.84375,0.4657121880847716,0.0
0.53125,0.7500936011687503,0.553939508183201
0.625,0.8969324769858199,0.17152902158941574
0.4375,0.12045782346469726,0.82580179928211
0.8125,0.32783800695054477,0.11120887902587161
0.75,0.12276602101226002,0.15266153123127157
0.6875,0.053292583226525116,0.6754861508752994
0.65625,0.920619397458315,0.0
0.96875,0.0,0.12476720413769637
0.75,0.0,0.8442224713642567
0.96875,0.04161018912368846,0.019500493728955105
0.8125,0.18355577065684509,0.3301994469625616
0.90625,0.0,0.33082660963817506
0.9375,0.0,0.20345709301637874
0.1875,0.9879535026919097,0.926700492719806
0.90625,0.0,0.2240446158150535
0.59375,0.0618978265080378,0.5989614198192158
0.71875,0.8255858391727287,0.0
0.78125,0.02473627868158049,0.55331371599017
0.5625,1.0159094669146445,0.07223237949479301
0.59375,0.8720031210573734,0.29551764744344494
0.71875,0.7204159616426274,0.057821085353767024
0.46875,0.21586046991478378,0.8128698776574304
0.59375,0.9385426661095083,0.19102951531837098
0.9375,0.0,0.20345709301637874
0.28125,0.9396683332568445,0.8613677548675648
0.21875,0.9578501361822735,0.897887528876464
0.59375,0.44841924992090704,0.7319787538333136
0.75,0.03661175003128325,0.5319970312923152
0.8125,0.0,0.46122775590036774
0.59375,0.44841924992090704,0.7319787538333136
0.5625,1.0159094669146445,0.07223237949479301
0.4375,0.9605012881600112,0.5513286028106187
0.71875,0.04084375686954972,0.5906264545932239
0.8125,0.011630352453397387,0.43775311547765583
0.875,0.03786340466481245,0.3305749453306357
0.78125,0.011976154327175482,0.2453953899391224
0.71875,0.8797286599260153,0.0
0.78125,0.0,0.7655325824855744
0.96875,0.0,0.12476720413769637
0.03125,1.074034536359695,0.8961876199661674
0.4375,0.9605012881600112,0.5513286028106187
0.90625,0.25108484735719044,0.006337924120620148
0.75,0.0,0.8442224713642567
0.71875,0.07816410631731115,0.8218632446838222
0.375,1.0210125765124416,0.5744805028104037
0.78125,0.3592866231824532,0.13958282739318967
0.71875,0.8797286599260153,0.0
0.59375,0.8619039086969702,0.30638996800202867
0.5625,0.08984998982434865,1.0042194940023785
0.84375,0.0,0.5096226308856093
0.75,0.3081411813301866,0.34239429298189344
0.71875,0.8797286599260153,0.0
0.65625,0.0,0.924381713881622
0.75,0.0,0.8442224713642567
0.75,0.0,0.8442224713642567
0.75,0.0,0.8442224713642567
0.21875,0.3609068559405068,1.131248802817425
0.53125,0.8711421225146778,0.3929962132192018
0.65625,0.36879515488155074,0.6763126515201692
0.8125,0.5469862929436866,0.0
0.71875,0.8797286599260153,0.0
0.4375,0.999768872033178,0.0
0.9375,0.0,0.20345709301637874
0.75,0.0,0.8442224713642567
0.78125,0.0,0.7913542419837257
0.6875,0.9145199410742237,0.0
0.75,0.0,0.8442224713642567
0.78125,0.0,0.7913542419837257
0.5625,1.0159094669146445,0.07223237949479301
0.875,0.35917585279596725,0.0
0.75,0.0,0.8429682888736657
0.96875,0.0,0.12476720413769637
0.90625,0.0,0.33082660963817506
0.96875,0.0,0.12476720413769637
0.71875,0.004665338533554981,0.874368898354515
0.6875,0.9145199410742237,0.0
0.78125,0.3592866231824532,0.13958282739318967
0.625,0.8969324769858199,0.17152902158941574
0.75,0.0,0.8324870830613615
0.75,0.0,0.8442224713642567
0.90625,0.25108484735719044,0.006337924120620148
0.84375,0.0,0.5096226308856093
0.59375,0.9124466035092962,0.24574839961372605
0.71875,0.0,0.8958365182541967
0.71875,0.8797286599260153,0.0
0.84375,0.4657121880847716,0.0
0.84375,0.4657121880847716,0.0
0.65625,0.36879515488155074,0.6763126515201692
0.625,0.9487143069165477,0.04581615320236262
0.9375,0.0,0.20345709301637874
0.71875,0.8797286599260153,0.0
0.65625,0.2919304018134601,0.4527893791879448
0.96875,0.04161018912368846,0.019500493728955105
0.53125,0.0,0.8267317426198428
0.625,0.9487143069165477,0.04581615320236262
0.8125,0.05976484697043032,0.4184527695775571
0.9375,0.0,0.20345709301637874
0.75,0.0,0.8442224713642567
0.75,0.0,0.8442224713642567
0.84375,0.4657121880847716,0.0
1.0,0.0,0.0
0.15625,1.0328702186266963,0.7661824623984534
0.625,0.07506088943889021,0.9494601195417753
0.84375,0.4657121880847716,0.0
0.8125,0.18355577065684509,0.3301994469625616
0.875,0.03786340466481245,0.3305749453306357
0.625,0.8969324769858199,0.17152902158941574
0.5625,0.8875172475808495,0.3697370254677554
0.75,0.0,0.8442224713642567
0.6875,0.08703557716133765,0.5703245150797507
0.375,1.0210125765124416,0.5744805028104037
0.53125,0.521478055276504,0.7798531959295867
0.78125,0.024736278681580508,0.55331371599017
0.75,0.0,0.8442224713642567
0.96875,0.0,0.12476720413769637
0.8125,0.3176764340587648,0.12008233366423454
0.53125,0.8711421225146778,0.3929962132192018
0.09375,1.0144900378202142,0.9781532946881849
0.71875,0.40609398315277745,0.3203963002893412
0.8125,0.32783800695054477,0.11120887902587161
0.59375,0.9742992777909559,0.05273188576583795
1.0,0.0,0.0
0.84375,0.4657121880847716,0.0
0.375,0.9964262322900445,0.467653336227521
0.84375,0.37287836099383287,0.0
0.71875,0.17770555861752674,0.7144897465607075
0.84375,0.07331021644173474,0.09271807582222423
0.34375,1.0318049292155251,0.596568923740286
0.71875,0.0,0.8958365182541967
0.78125,0.0,0.7913542419837257
0.59375,0.08286953930053569,0.6315656464740558
0.78125,0.0,0.7655325824855744
0.84375,0.28622781782685636,0.09170838529691647
0.53125,1.06610499494761,0.0
0.8125,0.05976484697043032,0.4184527695775571
0.6875,0.9145199410742237,0.0
0.375,1.0214372903272027,0.03919997927289303
0.75,0.0,0.8442224713642567
0.28125,0.9430864771700213,0.5400708176483443
0.96875,0.0,0.12476720413769637
0.90625,0.0,0.33082660963817506
0.84375,0.4657121880847716,0.0
0.84375,0.4657121880847716,0.0
0.84375,0.0,0.5096226308856093
0.625,0.8969324769858199,0.17152902158941574
0.1875,0.5489429469761526,1.0720429322402218
0.84375,0.4657121880847716,0.0
0.5625,1.0159094669146445,0.07223237949479301
0.59375,0.8720031210573734,0.29551764744344494
0.90625,0.02209574735831463,0.2285808181658784
0.75,0.0,0.8442224713642567
0.625,0.8969324769858199,0.17152902158941574
0.71875,0.17770555861752674,0.7144897465607075
0.34375,0.9782449965602266,0.3362964099689768
0.5625,0.2305157589583182,0.9277149151744044
0.84375,0.4657121880847716,0.0
0.1875,0.989298752414182,0.9262614772437817
0.84375,0.4657121880847716,0.0
0.75,0.2566145760124419,0.3780738890588348
0.78125,0.0,0.5805649264550968
0.625,0.8969324769858199,0.17152902158941574
0.5625,1.0159094669146445,0.07223237949479301
0.78125,0.0,0.7913542419837257
0.8125,0.0,0.6273500853899584
0.625,0.8969324769858199,0.17152902158941574
0.96875,0.0,0.12476720413769637
0.59375,1.0346646905812256,0.0
0.71875,0.17770555861752674,0.7144897465607075
0.59375,0.44841924992090704,0.7319787538333136
0.5,0.7533563526073654,0.6046133689982516
0.5,0.8995730083090857,0.4962619194137075
0.71875,0.8797286599260153,0.0
0.625,0.19374979601377998,0.737846722625423
0.71875,0.0,0.8958365182541967
0.90625,0.0,0.33082660963817506
0.5625,0.9035140978206585,0.32589046173098385
0.59375,0.9742992777909559,0.05273188576583795
0.75,0.08996946989493745,0.15198802756079693
0.90625,0.0,0.33082660963817506
1.0,0.0,0.0
0.75,0.0,0.8442224713642567
0.4375,0.9605012881600112,0.5513286028106187
0.5625,1.0159094669146445,0.07223237949479301
0.84375,0.4657121880847716,0.0
0.9375,0.0,0.20345709301637874
0.78125,0.6392250783521571,0.0
0.625,0.8969324769858199,0.17152902158941574
0.75,0.0,0.8442224713642567
0.71875,0.349751370453875,0.3618947867108485
0.0625,1.0217838780018176,0.9966390432327583
0.71875,0.349751370453875,0.3618947867108485
0.90625,0.027623609234972916,0.0503923742700232
0.9375,0.0,0.20345709301637874
0.84375,0.4657121880847716,0.0
0.90625,0.0845749364026006,0.06095407776324248
0.5,1.0342811045162679,0.1695140981660945
0.5625,0.9540567926329845,0.2652488933426812
0.75,0.08996946989493745,0.15198802756079693
0.96875,0.0,0.12476720413769637
0.59375,1.0346646905812256,0.0
0.71875,0.8255858391727287,0.0
0.96875,0.0,0.12476720413769637
0.4375,0.9605012881600112,0.5513286028106187
0.75,0.2566145760124419,0.3780738890588348
0.96875,0.0,0.12476720413769637
0.875,0.03786340466481245,0.3305749453306357
0.75,0.0,0.8429682888736657
0.84375,0.4657121880847716,0.0
0.75,0.04549382470898137,0.7586510339086976
0.84375,0.28622781782685636,0.09170838529691647
0.9375,0.0,0.20345709301637874
0.96875,0.0,0.12476720413769637
0.9375,0.006581620834838625,0.15436144014156802
0.65625,0.36879515488155074,0.6763126515201692
0.1875,1.0657230533025213,0.5621220838150294
0.40625,0.6443421484867352,0.8341572327122084
0.625,0.0,0.9891868770066075
0.84375,0.01815465784674184,0.3989522758486021
0.46875,0.941183197432774,0.5157624131426626
0.9375,0.0,0.14277269517634883
0.625,0.4505893050998708,0.6690878911002508
0.78125,0.5936601553774846,0.0
0.8125,0.05976484697043032,0.4184527695775571
0.78125,0.0,0.7913542419837257
0.78125,0.15139080837660895,0.48234307619455735
0.9375,0.0,0.20345709301637874
0.6875,0.9145199410742237,0.0
0.78125,0.0,0.7655325824855744
0.625,0.9487143069165477,0.04581615320236262
0.84375,0.4657121880847716,0.0
0.6875,0.25373957605785913,0.7094667716189733
0.5,0.8480464029913413,0.5319415154906487
0.84375,0.4657121880847716,0.0
0.65625,0.9611938035080219,0.0
0.90625,0.023575866472062855,0.056578744137558326
0.5625,0.8875172475808495,0.3697370254677554
0.6875,0.4477041722764659,0.33989679401829626
0.75,0.0,0.8442224713642567
0.78125,0.0,0.7655325824855744
0.8125,0.32783800695054477,0.11120887902587161
0.65625,0.9611938035080219,0.0
0.6875,0.25373957605785913,0.7094667716189733
0.75,0.0,0.8429682888736657
0.46875,0.1678638455561673,0.6380523531595788
0.5625,1.0159094669146445,0.07223237949479301
0.46875,0.9701641735710453,0.4683737638642754
0.28125,1.0455285067630726,0.6273757745009988
0.8125,0.32783800695054477,0.11120887902587161
0.84375,0.4058497152297653,0.0
0.84375,0.07984283605626644,0.35439922513329786
0.3125,0.7852663920129862,0.32158179475980725
0.46875,0.9188910990363227,0.5318281090816637
0.71875,0.8797286599260153,0.0
0.75,0.2566145760124419,0.3780738890588348
0.9375,0.0,0.20345709301637874
0.625,0.8969324769858199,0.17152902158941574
0.90625,0.25108484735719044,0.006337924120620148
0.71875,0.40609398315277745,0.3203963002893412
0.96875,0.0,0.12476720413769637
0.9375,0.0,0.20345709301637874
0.71875,0.8797286599260153,0.0
0.625,0.0,0.9860078760016844
0.90625,0.0,0.33082660963817506
0.71875,0.8255858391727287,0.0
0.78125,0.3592866231824532,0.13958282739318967
0.625,0.8969324769858199,0.17152902158941574
0.71875,0.8797286599260153,0.0
0.75,0.0,0.8442224713642567
0.625,0.8969324769858199,0.17152902158941574
0.84375,0.4657121880847716,0.0
0.6875,0.9145199410742237,0.0
0.75,0.0,0.8442224713642567
0.75,0.0,0.8429682888736657
0.96875,0.0,0.12476720413769637
0.96875,0.0,0.12476720413769637
0.96875,0.0,0.12476720413769637
0.65625,0.22057088475200992,0.7025878418937749
0.78125,0.0,0.7913542419837257
0.375,0.1420734910850252,0.8595195447893649
0.59375,0.9124466035092962,0.24574839961372605
0.03125,1.074034536359695,0.8961876199661674
0.1875,1.0558798785129535,0.49723534411756554
0.8125,0.5469862929436866,0.0
0.375,0.9221602405599612,0.501779984980427
0.375,0.7447093471822994,0.7982054208441348
0.75,0.0,0.8442224713642567
0.6875,0.9145199410742237,0.0
0.5,0.879955760521044,0.4118232032776822
0.71875,0.8797286599260153,0.0
0.78125,0.0,0.7913542419837257
0.75,0.0,0.8429682888736657
0.1875,0.9792411211004152,0.6125957968012233
0.625,0.8969324769858199,0.17152902158941574
0.84375,0.4657121880847716,0.0
0.71875,0.04542538803764918,0.5508240213507956
0.59375,0.44841924992090704,0.7319787538333136
0.875,0.0013698542006929243,0.2398527440543112
0.6875,0.19321968514100274,0.788709124585018
0.625,0.8969324769858199,0.17152902158941574
0.75,0.0,0.8442224713642567
0.65625,0.9401050305576789,0.0
0.6875,0.9145199410742237,0.0
0.875,0.0,0.37470973203805497
0.9375,0.0,0.20345709301637874
0.84375,0.4657121880847716,0.0
0.6875,0.4477041722764659,0.33989679401829626
0.96875,0.0,0.12476720413769637
0.625,0.9487143069165477,0.04581615320236262
0.96875,0.0,0.12476720413769637
0.65625,0.9611938035080219,0.0
0.96875,0.0,0.12476720413769637
0.75,0.0,0.8442224713642567
0.71875,0.8797286599260153,0.0
0.28125,0.9930260531204989,0.4813587511360469
0.65625,0.36879515488155074,0.6763126515201692
0.84375,0.28622781782685636,0.09170838529691647
0.71875,0.2117415001148564,0.391411726277303
0.625,0.00803001359925939,0.9535615934836997
0.65625,0.06076097151061876,0.6947521564098038
0.65625,0.0,0.9234733263404517
0.65625,0.9266139221394005,0.0
0.625,0.8969324769858199,0.17152902158941574
0.78125,0.0,0.7655325824855744
0.5625,0.8875172475808495,0.3697370254677554
0.5625,0.4900294390445955,0.7514792475622688
0.28125,1.0061455177776029,0.7548807568222698
0.875,0.35917585279596725,0.0
0.84375,0.4657121880847716,0.0
0.875,0.10477219198471305,0.2304105992792687
0.96875,0.0,0.12476720413769637
0.5625,0.47005700659225813,0.707418784890955
0.96875,0.0,0.12476720413769637
0.96875,0.0,0.12476720413769637
0.59375,1.0346646905812256,0.0
0.71875,0.0,0.85054854596309
0.71875,0.13863061915041447,0.7424719315607112
0.40625,1.0205880007010997,0.5067012476517109
0.96875,0.0,0.12476720413769637
0.09375,1.0942793578474659,0.6842945187001587
0.84375,0.4657121880847716,0.0
0.75,0.0,0.8429682888736657
0.75,0.0,0.8442224713642567
0.84375,0.4657121880847716,0.0
0.53125,0.8711421225146778,0.3929962132192018
0.75,0.0,0.8442224713642567
0.875,0.35917585279596725,0.0
0.90625,0.025899711562075545,0.18992762980952413
0.625,0.8969324769858199,0.17152902158941574
0.8125,0.3176764340587648,0.12008233366423454
0.75,0.0,0.8442224713642567
0.3125,0.648735512349001,0.840055209527917
0.46875,0.1678638455561673,0.6380523531595788
0.5625,1.0159094669146445,0.07223237949479301
0.71875,0.8797286599260153,0.0
0.84375,0.4657121880847716,0.0
0.6875,0.9145199410742237,0.0
0.625,0.8969324769858199,0.17152902158941574
0.53125,0.9291274367045377,0.3892375191967105
0.96875,0.0,0.12476720413769637
0.75,0.3081411813301866,0.34239429298189344
0.84375,0.4657121880847716,0.0
0.71875,0.07822193915497178,0.5514975250212703
0.1875,0.9879535026919097,0.926700492719806
0.84375,0.4058497152297653,0.0
0.78125,0.0,0.7655325824855744
0.71875,0.8797286599260153,0.0
0.96875,0.0,0.12476720413769637
0.75,0.0,0.8442224713642567
0.90625,0.25108484735719044,0.006337924120620148
0.9375,0.0,0.20345709301637874
0.6875,0.7620261507663159,0.07732157908272214
0.5625,1.0159094669146445,0.07223237949479301
0.0625,0.9885821409407909,0.9927210825913447
0.78125,0.3592866231824532,0.13958282739318967
0.75,0.0,0.8442224713642567
0.5,0.7533563526073654,0.6046133689982516
0.75,0.0,0.8442224713642567
0.9375,0.0,0.20345709301637874
0.6875,0.17896069562832145,0.6830873481648198
0.90625,0.0,0.33082660963817506
0.71875,0.8797286599260153,0.0
0.71875,0.8797286599260153,0.0
0.78125,0.0,0.7655325824855744
0.8125,0.5469862929436866,0.0
0.375,1.0570720170717984,0.02276808859972547
0.78125,0.0,0.7655325824855744
0.9375,0.0,0.20345709301637874
0.78125,0.0,0.7655325824855744
0.90625,0.0,0.33082660963817506
0.6875,0.9145199410742237,0.0
0.71875,0.8797286599260153,0.0
0.96875,0.04161018912368846,0.019500493728955105
0.59375,0.6742923934726662,0.4333750937379243
0.875,0.35917585279596725,0.0
0.96875,0.0,0.12476720413769637
0.71875,0.13863061915041447,0.7424719315607112
0.90625,0.25108484735719044,0.006337924120620148
0.84375,0.07984283605626644,0.35439922513329786
0.75,0.0,0.8442224713642567
0.46875,0.6074210691660372,0.7094327213890024
0.875,0.06940834646115163,0.07067312498890935
0.96875,0.0,0.12476720413769637
0.84375,0.4657121880847716,0.0
0.0,1.0390059680708452,1.03104856637878
0.875,0.0,0.36231738859836354
0.6875,0.25373957605785913,0.7094667716189733
0.78125,0.0,0.7913542419837257
0.9375,0.006581620834838625,0.15436144014156802
0.84375,0.0,0.5096226308856093
0.75,0.0,0.8442224713642567
0.78125,0.3592866231824532,0.13958282739318967
0.40625,0.9281293128540303,0.6184343542988366
0.84375,0.28622781782685636,0.09170838529691647
0.9375,0.0,0.20345709301637874
0.84375,0.0,0.38368409394886144
0.78125,0.15139080837660895,0.48234307619455735
0.5625,1.0159094669146445,0.07223237949479301
0.53125,0.19610284591019045,0.7784949291207863
0.90625,0.0,0.33082660963817506
0.9375,0.0,0.20345709301637874
0.96875,0.0,0.12476720413769637
0.625,0.8969324769858199,0.17152902158941574
0.59375,0.9742992777909559,0.05273188576583795
0.96875,0.0,0.12476720413769637
0.8125,0.32783800695054477,0.11120887902587161
0.5625,1.0159094669146445,0.07223237949479301
0.8125,0.5469862929436866,0.0
0.9375,0.0,0.20345709301637874
0.84375,0.4657121880847716,0.0
0.65625,0.9611938035080219,0.0
0.84375,0.4657121880847716,0.0
0.71875,0.8797286599260153,0.0
0.78125,0.0,0.7655325824855744
0.78125,0.15290164141186333,0.40227366722957103
0.71875,0.17770555861752674,0.7144897465607075
0.875,0.0,0.37470973203805497
0.75,0.0,0.8429682888736657
0.9375,0.05042382713005434,0.03832748378743556
0.46875,0.941183197432774,0.5157624131426626
0.5,0.8480464029913413,0.5319415154906487
0.6875,0.19321968514100274,0.788709124585018
0.84375,0.4657121880847716,0.0
0.625,0.8969324769858199,0.17152902158941574
0.8125,0.5469862929436866,0.0
0.65625,0.9611938035080219,0.0
0.375,1.0210125765124416,0.5744805028104037
0.71875,0.8255858391727287,0.0
0.8125,0.0,0.523005557673517
0.78125,0.0,0.7913542419837257
0.5,0.9508460828438084,0.43280757419631927
0.625,0.8969324769858199,0.17152902158941574
0.625,0.22654634713110258,0.7385202262958976
0.9375,0.0,0.20345709301637874
0.375,0.9697395019777189,0.6379348480277917
0.6875,0.25373957605785913,0.7094667716189733
0.84375,0.4657121880847716,0.0
0.40625,0.4733610841472829,0.3951147953773339
0.625,0.0,1.0030746114976266
0.8125,0.5469862929436866,0.0
0.84375,0.4657121880847716,0.0
0.46875,0.9861610238108548,0.4245272001275037
0.90625,0.05731248136795349,0.05356877536107015
0.8125,0.5123860505185697,0.0
0.46875,0.9693896909428122,0.43643845762250894
0.71875,0.8797286599260153,0.0
0.75,0.0,0.8429682888736657
0.40625,0.9064430109351178,0.08133565851182373
0.78125,0.02473627868158049,0.55331371599017
0.5625,1.0159094669146445,0.07223237949479301
0.65625,0.9264025223598134,0.0
0.71875,0.13863061915041447,0.7424719315607112
0.75,0.0,0.8442224713642567
0.8125,0.5469862929436866,0.0
0.78125,0.3592866231824532,0.13958282739318967
0.9375,0.0,0.20345709301637874
0.09375,1.0145997809344025,0.9763167328300847
0.34375,0.5070720383333751,0.9853066990039593
0.53125,0.08698674509958532,0.6067558544457274
0.84375,0.0,0.3124754718265357
0.84375,0.4657121880847716,0.0
0.96875,0.0,0.12476720413769637
0.9375,0.0,0.23938650992882757
0.625,0.8969324769858199,0.17152902158941574
0.875,0.35917585279596725,0.0
0.96875,0.0,0.12476720413769637
0.78125,0.0,0.7913542419837257
0.96875,0.0,0.12476720413769637
0.96875,0.0,0.12476720413769637
0.90625,0.0,0.33082660963817506
0.78125,0.15139080837660895,0.48234307619455735
0.96875,0.0,0.12476720413769637
0.65625,0.920619397458315,0.0
0.6875,0.9145199410742237,0.0
0.96875,0.0,0.12476720413769637
0.15625,1.0208513102241035,0.6320962905301782
0.53125,0.9450619264129702,0.34339208953971806
0.96875,0.0,0.12476720413769637
0.5625,1.0159094669146445,0.07223237949479301
0.71875,0.17770555861752674,0.7144897465607075
0.625,0.9879908281474276,0.0
0.6875,0.25373957605785913,0.7094667716189733
0.53125,1.06610499494761,0.0
0.96875,0.0,0.12476720413769637
0.0,1.0390059680708452,1.03104856637878
0.9375,0.0,0.20345709301637874
0.96875,0.0,0.12476720413769637
0.875,0.0,0.3521933149886729
0.65625,0.9611938035080219,0.0
0.96875,0.0,0.12476720413769637
0.75,0.11563186036536219,0.620016799436256
1.0,0.0,0.0
0.90625,0.0,0.33082660963817506
0.96875,0.0,0.12476720413769637
0.5625,0.8875172475808495,0.3697370254677554
0.625,0.8969324769858199,0.17152902158941574
0.96875,0.0,0.12476720413769637
0.1875,0.9301886843207937,0.767732615999841
0.78125,0.15139080837660895,0.48234307619455735
0.84375,0.0,0.5958593064297698
0.84375,0.28622781782685636,0.09170838529691647
0.5,0.1590502075498014,0.6192253631010983
0.75,0.733347053764258,0.0
0.71875,0.8797286599260153,0.0
0.78125,0.0,0.4825944612508655
0.8125,0.32783800695054477,0.11120887902587161
0.9375,0.0,0.20345709301637874
0.96875,0.0,0.12476720413769637
0.78125,0.0,0.7655325824855744
0.8125,0.5469862929436866,0.0
0.84375,0.4657121880847716,0.0
0.84375,0.4657121880847716,0.0
0.5625,0.2305157589583182,0.9277149151744044
0.75,0.0,0.8442224713642567
0.9375,0.0,0.16590004521533214
0.25,1.049615575114552,0.5248093452119756
0.8125,0.32783800695054477,0.11120887902587161
0.84375,0.4657121880847716,0.0
0.78125,0.0,0.7913542419837257
0.5,0.9508460828438084,0.43280757419631927
0.78125,0.15290164141186333,0.40227366722957103
0.75,0.11563186036536219,0.620016799436256
0.5,0.5110258286758662,0.8259569263466258
0.65625,0.0,0.9243847226189443
0.71875,0.004665338533554952,0.874368898354515
0.65625,0.9266139221394005,0.0
0.96875,0.0,0.12476720413769637
0.625,0.8969324769858199,0.17152902158941574
0.9375,0.0,0.16590004521533214
0.84375,0.28622781782685636,0.09170838529691647
0.71875,0.40609398315277745,0.3203963002893412
0.75,0.0,0.8442224713642567
0.75,0.2566145760124419,0.3780738890588348
0.625,0.8969324769858199,0.17152902158941574
0.46875,0.5273387723548987,0.3041292877588705
0.84375,0.4657121880847716,0.0
0.84375,0.28622781782685636,0.09170838529691647
0.40625,0.9614230179393024,0.4752801784614969
0.53125,0.9310396680985155,0.2618545857179751
0.75,0.0,0.8442224713642567
0.28125,0.9634991393794572,0.6999689440162514
0.28125,0.7630733013311666,0.6174084876519896
0.40625,0.4733610841472829,0.3951147953773339
0.46875,0.7183277843185157,0.7394743154108644
0.96875,0.0,0.12476720413769637
0.84375,0.4657121880847716,0.0
0.3125,0.09681092145775942,1.137594987397765
0.625,0.8969324769858199,0.17152902158941574
0.78125,0.015638360224214675,0.24175828641048827
0.84375,0.1463823811084015,0.24991109300822376
0.6875,0.9145199410742237,0.0
0.96875,0.0,0.12476720413769637
0.6875,0.9145199410742237,0.0
0.71875,0.17770555861752674,0.7144897465607075
0.96875,0.0,0.12476720413769637
0.28125,0.9442207381289132,0.5429613255011522
0.96875,0.0,0.12476720413769637
0.8125,0.11135381281955166,0.38477203942083665
0.78125,0.483077546868868,0.05132950477819405
0.625,0.8969324769858199,0.17152902158941574
0.78125,0.15139080837660895,0.48234307619455735
0.9375,0.0,0.20345709301637874
0.8125,0.32783800695054477,0.11120887902587161
0.625,0.8969324769858199,0.17152902158941574
0.09375,1.0117875447795763,0.9839006490796959
0.96875,0.0,0.12476720413769637
0.96875,0.0,0.12476720413769637
0.375,1.0210125765124416,0.5744805028104037
0.9375,0.017222090069027567,0.034409523146022074
0.625,0.008030013599259382,0.9535615934836997
0.84375,0.03953633433193169,0.0912684379920051
0.53125,0.9291274367045377,0.3892375191967105
0.0625,0.9885821409407909,0.9927210825913447
0.875,0.06490176437907307,0.07713554273468261
0.90625,0.0,0.33082660963817506
0.90625,0.02209574735831463,0.2285808181658784
0.875,0.03786340466481245,0.3305749453306357
0.96875,0.0,0.12476720413769637
0.6875,0.9145199410742237,0.0
0.75,0.7443117343138137,0.0
0.84375,0.4657121880847716,0.0
0.78125,0.0,0.7655325824855744
0.71875,0.13863061915041447,0.7424719315607112
0.78125,0.0,0.7913542419837257
0.84375,0.4657121880847716,0.0
0.15625,1.0208513102241035,0.6320962905301782
0.75,0.6858989407859551,0.0
0.75,0.0,0.8442224713642567
0.15625,0.5577565849825186,1.0908699222987022
0.96875,0.0,0.12476720413769637
0.0,1.0390059680708452,1.03104856637878
0.0625,1.0667406961780916,0.877701871421594
0.96875,0.0,0.12476720413769637
0.9375,0.0,0.20345709301637874
0.75,0.0,0.8442224713642567
0.8125,0.04970721565666309,0.10478708913499843
0.84375,0.0794735937885009,0.3500754390595908
0.78125,0.15139080837660895,0.48234307619455735
0.625,0.8969324769858199,0.17152902158941574
0.84375,0.4657121880847716,0.0
0.71875,0.8255858391727287,0.0
0.4375,1.0008382877369055,0.0
0.96875,0.007293840181603349,0.018485748544573417
0.25,1.1456944054410871,0.15733721139836818
0.84375,0.05718149539204936,0.3661411349985919
0.78125,0.0,0.7655325824855744
0.78125,0.024736278681580508,0.55331371599017
0.84375,0.4657121880847716,0.0
0.25,1.013268071273306,0.7686521701280066
0.96875,0.0,0.12476720413769637
0.84375,0.0,0.420094914822732
0.9375,0.0,0.20345709301637874
0.6875,0.0,0.8977369108117392
0.53125,0.9638362192158378,0.26252808938844985
0.375,0.528504555923454,0.845128859438855
0.6875,0.9145199410742237,0.0
0.75,0.0,0.8442224713642567
0.65625,0.3354803481924261,0.702093051041989
0.5625,1.0159094669146445,0.07223237949479301
0.78125,0.0,0.7913542419837257
0.96875,0.0,0.12476720413769637
0.78125,0.05852085366302898,0.12361407919347887
0.84375,0.018217018378118625,0.4009511417688228
0.75,0.0,0.8442224713642567
0.25,0.3493907248935032,1.1181691671504554
0.9375,0.0,0.20345709301637874
0.78125,0.0,0.7913542419837257
1.0,0.0,0.0
0.96875,0.0,0.12476720413769637
0.40625,0.9706008247333354,0.5719667126509042
0.5625,0.07850467991083404,0.4797199635681619
